"","Label","Type","Reference Model","01-Length Only","02-C+L","03-C+L Francis","04-C+L+A","05-C+L+A+I","06-C+L+A+I-extra var","07-C+L+A+I+estLH-extra var","08-Ref Mod with Dirichlet","09-Ref Mod with McI","10-Ref Mod -data wt","11-Ref Mod with CARE age error","12. Use Sex=3"
"1","AIC",NA,NA,NA,NA,NA,NA,NA,NA,NA,NA,NA,NA,NA,NA
"10",NA,"AIC",5558.32,459.34,4996.86,351.726,6695.9,6620.96,6499.56,7049.72,6376.7,3758.28,6303.38,5436.42,5256.56
"11",NA,"deltaAIC",0,-5098.98,-561.46,-5206.594,1137.58,1062.64,941.240000000001,1491.4,818.38,-1800.04,745.06,-121.9,-301.759999999999
"2","Survey_likelihood",NA,NA,NA,NA,NA,NA,NA,NA,NA,NA,NA,NA,NA,NA
"12",NA,"ALL",-32.8284,NA,NA,NA,NA,-39.2771,5.81902,-39.433,-32.551,-35.0045,-32.5673,-33.0701,-32.4584
"13",NA,"Commercial",0,NA,NA,NA,NA,0,0,0,0,0,0,0,0
"14",NA,"Recreational",-32.8284,NA,NA,NA,NA,-39.2771,5.81902,-39.433,-32.551,-35.0045,-32.5673,-33.0701,-32.4584
"15",NA,"Fishery1",NA,NA,NA,NA,NA,NA,NA,NA,NA,NA,NA,NA,NA
"16",NA,"Fishery2",NA,NA,NA,NA,NA,NA,NA,NA,NA,NA,NA,NA,NA
"3","Surv_lambda",NA,NA,NA,NA,NA,NA,NA,NA,NA,NA,NA,NA,NA,NA
"17",NA,"ALL",NA,NA,NA,NA,NA,NA,NA,NA,NA,NA,NA,NA,NA
"18",NA,"Commercial",0,NA,NA,NA,NA,0,0,0,0,0,0,0,0
"19",NA,"Recreational",1,NA,NA,NA,NA,1,1,1,1,1,1,1,1
"20",NA,"Fishery1",NA,NA,NA,NA,NA,NA,NA,NA,NA,NA,NA,NA,NA
"21",NA,"Fishery2",NA,NA,NA,NA,NA,NA,NA,NA,NA,NA,NA,NA,NA
"4","Length_likelihood",NA,NA,NA,NA,NA,NA,NA,NA,NA,NA,NA,NA,NA,NA
"22",NA,"ALL",449.805,222.669,2493.43,170.863,218.939,219.666,192.974,918.145,714.449,305.169,710.875,438.6,309.354
"23",NA,"Commercial",279.217,NA,603.886,116.437,142.811,143.695,127.317,413.218,297.004,225.574,296.34,271.112,148.334
"24",NA,"Recreational",170.588,NA,1889.55,54.426,76.1273,75.9707,65.6567,504.927,417.445,79.5953,414.535,167.488,161.02
"25",NA,"Fishery1",NA,161.192,NA,NA,NA,NA,NA,NA,NA,NA,NA,NA,NA
"26",NA,"Fishery2",NA,61.4772,NA,NA,NA,NA,NA,NA,NA,NA,NA,NA,NA
"5","Length_lambda",NA,NA,NA,NA,NA,NA,NA,NA,NA,NA,NA,NA,NA,NA
"27",NA,"ALL",NA,NA,NA,NA,NA,NA,NA,NA,NA,NA,NA,NA,NA
"28",NA,"Commercial",1,NA,1,1,1,1,1,1,1,1,1,1,1
"29",NA,"Recreational",1,NA,1,1,1,1,1,1,1,1,1,1,1
"30",NA,"Fishery1",NA,1,NA,NA,NA,NA,NA,NA,NA,NA,NA,NA,NA
"31",NA,"Fishery2",NA,1,NA,NA,NA,NA,NA,NA,NA,NA,NA,NA,NA
"6","Age_likelihood",NA,NA,NA,NA,NA,NA,NA,NA,NA,NA,NA,NA,NA,NA
"32",NA,"ALL",2260.95,NA,NA,NA,3124.01,3124.1,3045.99,2630.13,2296.83,1443.19,2293.35,2214.6,2251.49
"33",NA,"Commercial",1018.99,NA,NA,NA,1342.01,1341.98,1304.34,1164.52,1035.4,675.409,1033.54,1016.11,1017.05
"34",NA,"Recreational",1241.97,NA,NA,NA,1782.01,1782.11,1741.66,1465.61,1261.43,767.778,1259.81,1198.5,1234.44
"35",NA,"Fishery1",NA,NA,NA,NA,NA,NA,NA,NA,NA,NA,NA,NA,NA
"36",NA,"Fishery2",NA,NA,NA,NA,NA,NA,NA,NA,NA,NA,NA,NA,NA
"7","Age_lambda",NA,NA,NA,NA,NA,NA,NA,NA,NA,NA,NA,NA,NA,NA
"37",NA,"ALL",NA,NA,NA,NA,NA,NA,NA,NA,NA,NA,NA,NA,NA
"38",NA,"Commercial",1,NA,NA,NA,1,1,1,1,1,1,1,1,1
"39",NA,"Recreational",1,NA,NA,NA,1,1,1,1,1,1,1,1,1
"40",NA,"Fishery1",NA,NA,NA,NA,NA,NA,NA,NA,NA,NA,NA,NA,NA
"41",NA,"Fishery2",NA,NA,NA,NA,NA,NA,NA,NA,NA,NA,NA,NA,NA
"8","Parameters",NA,NA,NA,NA,NA,NA,NA,NA,NA,NA,NA,NA,NA,NA
"42",NA,"NatM_p_1_Fem_GP_1",0.0797241,0.099,0.099,0.099,0.099,0.099,0.099,0.107454,0.0718411,0.0798629,0.0713596,0.0791616,0.0766313
"43",NA,"L_at_Amin_Fem_GP_1",-17.0775,0,0,0,0,0,0,-12.7068,-13.0679,-17.7106,-12.9493,-19.2319,-16.5676
"44",NA,"L_at_Amax_Fem_GP_1",57.1842,57.38,57.38,57.38,57.38,57.38,57.38,57.685,57.772,57.1296,57.7866,57.0214,57.3558
"45",NA,"VonBert_K_Fem_GP_1",0.146477,0.1277,0.1277,0.1277,0.1277,0.1277,0.1277,0.134674,0.139127,0.148084,0.138934,0.149731,0.144803
"46",NA,"CV_young_Fem_GP_1",0.1,0.1,0.1,0.1,0.1,0.1,0.1,0.1,0.1,0.1,0.1,0.1,0.1
"47",NA,"CV_old_Fem_GP_1",0.0539614,0.1,0.1,0.1,0.1,0.1,0.1,0.0539253,0.061083,0.0596274,0.0610099,0.0545076,0.0534416
"48",NA,"Wtlen_1_Fem_GP_1",2.60642e-05,1e-05,2.60642e-05,2.60642e-05,2.60642e-05,2.60642e-05,2.60642e-05,2.60642e-05,2.60642e-05,2.60642e-05,2.60642e-05,2.60642e-05,2.60642e-05
"49",NA,"Wtlen_2_Fem_GP_1",2.93,3,2.93,2.93,2.93,2.927,2.93,2.93,2.92732,2.92732,2.92732,2.93,2.93
"50",NA,"Mat50%_Fem_GP_1",39.4,39.4,39.4,39.4,39.4,39.4,39.4,39.4,39.4,39.4,39.4,39.4,39.4
"51",NA,"Mat_slope_Fem_GP_1",-0.342377,-0.342377,-0.342377,-0.342377,-0.342377,-0.342377,-0.342377,-0.342377,-0.342377,-0.342377,-0.342377,-0.342377,-0.342377
"52",NA,"Eggs_scalar_Fem_GP_1",4.32e-07,1e-05,4.32e-07,4.32e-07,4.32e-07,4.32e-07,4.32e-07,4.32e-07,4.32e-07,4.32e-07,4.32e-07,4.32e-07,4.32e-07
"53",NA,"Eggs_exp_len_Fem_GP_1",3.548,3,3.548,3.548,3.548,3.548,3.548,3.548,3.548,3.548,3.548,3.548,3.548
"54",NA,"NatM_p_1_Mal_GP_1",0.0727871,0.099,0.099,0.099,0.099,0.099,0.099,0.0969771,0.0719915,0.0700561,0.071915,0.0708534,0.0750758
"55",NA,"L_at_Amin_Mal_GP_1",-29.8976,-4.10018,-4.10018,-4.10018,-4.10018,-4.10018,-4.10018,-30.6875,-33.0199,-27.4106,-33.2324,-31.8694,-36.7283
"56",NA,"L_at_Amax_Mal_GP_1",54.1933,54.67,54.67,54.67,54.67,54.67,54.67,54.306,53.7222,54.5708,53.7007,54.1406,53.6764
"57",NA,"VonBert_K_Mal_GP_1",0.179955,0.1485,0.1485,0.1485,0.1485,0.1485,0.1485,0.175931,0.188455,0.17435,0.188909,0.182564,0.191655
"58",NA,"CV_young_Mal_GP_1",0.1,0.1,0.1,0.1,0.1,0.1,0.1,0.1,0.1,0.1,0.1,0.1,0.1
"59",NA,"CV_old_Mal_GP_1",0.0447319,0.1,0.1,0.1,0.1,0.1,0.1,0.0457254,0.047026,0.0515447,0.0469094,0.0466573,0.0413174
"60",NA,"Wtlen_1_Mal_GP_1",3.7636e-05,1.003e-05,3.7636e-05,3.7636e-05,3.7636e-05,3.7636e-05,3.7636e-05,3.7636e-05,3.7636e-05,3.7636e-05,3.7636e-05,3.7636e-05,3.7636e-05
"61",NA,"Wtlen_2_Mal_GP_1",2.83,3,2.83,2.83,2.83,2.829,2.83,2.83,2.82931,2.82931,2.82931,2.83,2.83
"62",NA,"CohortGrowDev",1,1,1,1,1,1,1,1,1,1,1,1,1
"63",NA,"FracFemale_GP_1",0.5,0.5,0.5,0.5,0.5,0.5,0.5,0.5,0.5,0.5,0.5,0.5,0.5
"64",NA,"SR_LN(R0)",2.79279,8.85649,2.75995,2.79095,3.8376,3.83659,3.68933,3.4945,2.64449,2.77207,2.63657,2.77242,2.79774
"65",NA,"SR_BH_steep",0.72,0.72,0.72,0.72,0.72,0.72,0.72,0.72,0.72,0.72,0.72,0.72,0.72
"66",NA,"SR_sigmaR",0.6,0.7,0.7,0.7,0.7,0.7,0.7,0.6,0.5,0.5,0.5,0.6,0.6
"67",NA,"SR_regime",0,0,0,0,0,0,0,0,0,0,0,0,0
"68",NA,"SR_autocorr",0,0,0,0,0,0,0,0,0,0,0,0,0
"69",NA,"Early_RecrDev_1961",0.401075,NA,NA,NA,NA,NA,NA,0,NA,NA,NA,-0.0104409,0.395224
"70",NA,"Main_RecrDev_1962",-0.309702,NA,NA,NA,NA,NA,NA,NA,-0.155369,-0.163278,-0.153495,-0.1175,-0.315987
"71",NA,"Main_RecrDev_1963",-0.146187,NA,NA,NA,NA,NA,NA,NA,-0.0289395,-0.0866015,-0.02694,-0.186497,-0.153595
"72",NA,"Main_RecrDev_1964",-0.181357,NA,NA,NA,NA,NA,NA,NA,-0.0429495,-0.0884825,-0.0411918,-0.256528,-0.193669
"73",NA,"Main_RecrDev_1965",-0.361278,NA,NA,NA,NA,NA,NA,NA,-0.19865,-0.196811,-0.196935,-0.310492,-0.368313
"74",NA,"Main_RecrDev_1966",-0.376566,NA,NA,NA,NA,NA,NA,NA,-0.212466,-0.206825,-0.210874,-0.349749,-0.384103
"75",NA,"Main_RecrDev_1967",-0.40277,NA,NA,NA,NA,NA,NA,NA,-0.235559,-0.223635,-0.2341,-0.374695,-0.41031
"76",NA,"Main_RecrDev_1968",-0.418691,NA,NA,NA,NA,NA,NA,NA,-0.251138,-0.235038,-0.249837,-0.386438,-0.42649
"77",NA,"Main_RecrDev_1969",-0.264893,NA,NA,NA,NA,NA,NA,NA,-0.136843,-0.165099,-0.135522,-0.399961,-0.273521
"78",NA,"Main_RecrDev_1970",-0.468787,NA,NA,NA,NA,NA,NA,NA,-0.299177,-0.268604,-0.298355,-0.432472,-0.476561
"79",NA,"Main_RecrDev_1971",-0.514454,NA,NA,NA,NA,NA,NA,NA,-0.341402,-0.297444,-0.340921,-0.473134,-0.52208
"80",NA,"Main_RecrDev_1972",-0.541935,NA,NA,NA,NA,NA,NA,NA,-0.370088,-0.316908,-0.369942,-0.494912,-0.549468
"81",NA,"Main_RecrDev_1973",-0.415921,NA,NA,NA,NA,NA,NA,NA,-0.28115,-0.258646,-0.281418,-0.498172,-0.423437
"82",NA,"Main_RecrDev_1974",-0.447181,NA,NA,NA,NA,NA,NA,NA,-0.313505,-0.273763,-0.31417,-0.502353,-0.454791
"83",NA,"Main_RecrDev_1975",-0.616678,NA,NA,NA,NA,NA,NA,NA,-0.45349,-0.370749,-0.454552,-0.496841,-0.622883
"84",NA,"Main_RecrDev_1976",-0.41339,NA,NA,NA,NA,NA,NA,NA,-0.307114,-0.269177,-0.308699,-0.440182,-0.418136
"85",NA,"Main_RecrDev_1977",-0.245819,NA,NA,NA,NA,NA,NA,NA,-0.179723,-0.153941,-0.181796,-0.288432,-0.250437
"86",NA,"Main_RecrDev_1978",0.0830828,NA,NA,NA,NA,NA,NA,NA,0.107051,0.0755,0.104814,0.0459679,0.080428
"87",NA,"Main_RecrDev_1979",0.918223,NA,NA,NA,NA,NA,NA,NA,0.782091,0.612495,0.777569,0.835598,0.916037
"88",NA,"Main_RecrDev_1980",0.0533457,NA,NA,NA,NA,NA,NA,NA,0.0484228,0.052682,0.0446065,0.283529,0.0562011
"89",NA,"Main_RecrDev_1981",-0.293023,NA,NA,NA,NA,NA,NA,NA,-0.251004,-0.183197,-0.254825,-0.0901711,-0.286879
"90",NA,"Main_RecrDev_1982",0.0956648,NA,NA,NA,NA,NA,NA,NA,-0.00115489,0.00787422,-0.00691666,-0.282318,0.105816
"91",NA,"Main_RecrDev_1983",-0.696091,NA,NA,NA,NA,NA,NA,NA,-0.61415,-0.450709,-0.618657,-0.495412,-0.688883
"92",NA,"Main_RecrDev_1984",-0.5442,NA,NA,NA,NA,NA,NA,NA,-0.531073,-0.407158,-0.536439,-0.525266,-0.533375
"93",NA,"Main_RecrDev_1985",-0.318767,NA,NA,NA,NA,NA,NA,NA,-0.342937,-0.237145,-0.348928,-0.331303,-0.305362
"94",NA,"Main_RecrDev_1986",0.271406,NA,NA,NA,NA,NA,NA,NA,0.125021,0.154544,0.118565,0.112595,0.291092
"95",NA,"Main_RecrDev_1987",-0.120401,NA,NA,NA,NA,NA,NA,NA,-0.180365,-0.0847051,-0.186727,0.107172,-0.109176
"96",NA,"Main_RecrDev_1988",-0.149074,NA,NA,NA,NA,NA,NA,NA,-0.225252,-0.174376,-0.229795,-0.344728,-0.133964
"97",NA,"Main_RecrDev_1989",-0.394387,NA,NA,NA,NA,NA,NA,NA,-0.370686,-0.317483,-0.372173,-0.25963,-0.37982
"98",NA,"Main_RecrDev_1990",-0.0374189,NA,NA,NA,NA,NA,NA,NA,-0.0683994,-0.104912,-0.0697712,-0.109946,-0.0220668
"99",NA,"Main_RecrDev_1991",-0.035112,NA,NA,NA,NA,NA,NA,NA,-0.0091051,0.0234626,-0.0169759,-0.0110963,-0.0283866
"100",NA,"Main_RecrDev_1992",0.97591,NA,NA,NA,NA,NA,NA,NA,1.10976,0.773132,1.12114,0.702716,1.0067
"101",NA,"Main_RecrDev_1993",1.90433,NA,NA,NA,NA,NA,NA,NA,1.91304,1.85085,1.91155,2.07797,1.88058
"102",NA,"Main_RecrDev_1994",1.85471,NA,NA,NA,NA,NA,NA,NA,1.857,1.76068,1.85697,1.69226,1.86002
"103",NA,"Main_RecrDev_1995",0.793535,NA,NA,NA,NA,NA,NA,NA,0.800301,0.760919,0.800927,0.876373,0.773696
"104",NA,"Main_RecrDev_1996",0.667759,NA,NA,NA,NA,NA,NA,NA,0.552287,0.618645,0.546252,0.658665,0.661807
"105",NA,"Main_RecrDev_1997",0.384469,NA,NA,NA,NA,NA,NA,NA,0.36215,0.361973,0.356789,0.318436,0.366573
"106",NA,"Main_RecrDev_1998",1.75806,NA,NA,NA,NA,NA,NA,NA,1.99598,1.61318,2.00605,1.75376,1.74996
"107",NA,"Main_RecrDev_1999",0.759222,NA,NA,NA,NA,NA,NA,NA,0.688564,0.671217,0.687212,0.680337,0.786321
"108",NA,"Main_RecrDev_2000",-0.38282,NA,NA,NA,NA,NA,NA,NA,-0.379787,-0.34893,-0.381748,-0.213625,-0.393211
"109",NA,"Main_RecrDev_2001",-0.524482,NA,NA,NA,NA,NA,NA,NA,-0.451677,-0.53405,-0.449691,-0.569072,-0.513694
"110",NA,"Main_RecrDev_2002",-0.625526,NA,NA,NA,NA,NA,NA,NA,-0.510606,-0.634937,-0.505561,-0.575649,-0.65855
"111",NA,"Main_RecrDev_2003",-0.956982,NA,NA,NA,NA,NA,NA,NA,-0.786852,-0.840805,-0.781787,-1.09772,-0.999535
"112",NA,"Main_RecrDev_2004",-0.782526,NA,NA,NA,NA,NA,NA,NA,-0.775618,-0.629878,-0.778227,-0.914052,-0.787271
"113",NA,"Main_RecrDev_2005",1.25801,NA,NA,NA,NA,NA,NA,NA,1.21603,1.23096,1.21578,1.22451,1.20402
"114",NA,"Main_RecrDev_2006",0.246718,NA,NA,NA,NA,NA,NA,NA,0.225119,0.242308,0.229168,0.34844,0.251717
"115",NA,"Main_RecrDev_2007",-0.449496,NA,NA,NA,NA,NA,NA,NA,-0.681566,-0.348058,-0.690324,-0.437974,-0.426753
"116",NA,"Main_RecrDev_2008",-0.59858,NA,NA,NA,NA,NA,NA,NA,-0.807455,-0.453641,-0.81529,-0.593629,-0.569778
"117",NA,"Main_RecrDev_2009",-0.0521774,NA,NA,NA,NA,NA,NA,NA,-0.205314,-0.0238074,-0.206365,-0.0880016,-0.0715803
"118",NA,"Main_RecrDev_2010",-0.310991,NA,NA,NA,NA,NA,NA,NA,-0.428672,-0.247355,-0.433484,-0.318204,-0.314964
"119",NA,"Main_RecrDev_2011",-0.730176,NA,NA,NA,NA,NA,NA,NA,-0.656802,-0.555812,-0.65749,-0.613349,-0.705292
"120",NA,"Main_RecrDev_2012",0.514015,NA,NA,NA,NA,NA,NA,NA,0.436207,0.445642,0.436143,0.412605,0.528176
"121",NA,"Main_RecrDev_2013",-0.359689,NA,NA,NA,NA,NA,NA,NA,-0.555789,-0.193256,-0.564177,-0.0208498,-0.32607
"122",NA,"Main_RecrDev_2014",0.822985,NA,NA,NA,NA,NA,NA,NA,0.593198,0.598423,0.585802,0.931019,0.902926
"123",NA,"Main_RecrDev_2015",1.73797,NA,NA,NA,NA,NA,NA,NA,1.88035,1.21915,1.90642,1.5169,1.66583
"124",NA,"Main_RecrDev_2016",-0.323511,NA,NA,NA,NA,NA,NA,NA,-0.171886,-0.163246,-0.172803,-0.365756,-0.292152
"125",NA,"Main_RecrDev_2017",-0.0639443,NA,NA,NA,NA,NA,NA,NA,0.0289061,-0.00413696,0.027111,-0.0722315,-0.067149
"126",NA,"Main_RecrDev_2018",-0.074813,NA,NA,NA,NA,NA,NA,NA,-0.00928363,-0.00721904,-0.00945415,-0.0801702,-0.0767388
"127",NA,"Main_RecrDev_2019",-0.074801,NA,NA,NA,NA,NA,NA,NA,-0.00933274,-0.00721685,-0.00938777,-0.080167,-0.0767303
"128",NA,"Main_RecrDev_2020",-0.0748011,NA,NA,NA,NA,NA,NA,NA,-0.00933395,-0.00721685,-0.00938765,-0.080167,-0.0767304
"129",NA,"ForeRecr_2021",0,0,0,0,0,0,0,0,0,0,0,0,0
"130",NA,"ForeRecr_2022",0,0,0,0,0,NA,NA,NA,NA,NA,NA,NA,NA
"131",NA,"Impl_err_2021",0,0,0,0,0,0,0,0,0,0,0,0,0
"132",NA,"Impl_err_2022",0,0,0,0,0,NA,NA,NA,NA,NA,NA,NA,NA
"133",NA,"InitF_seas_1_flt_1Commercial",1e-20,NA,1e-20,1e-20,1e-20,1e-20,1e-20,1e-20,1e-20,1e-20,1e-20,1e-20,1e-20
"134",NA,"InitF_seas_1_flt_2Recreational",1e-20,NA,1e-20,1e-20,1e-20,1e-20,1e-20,1e-20,1e-20,1e-20,1e-20,1e-20,1e-20
"135",NA,"LnQ_base_Recreational(2)",-5.72253,NA,NA,NA,NA,-6.19296,-5.94316,-5.55069,-5.65962,-5.69862,-5.65438,-5.70234,-5.73354
"136",NA,"Q_extraSD_Recreational(2)",0.0812333,NA,NA,NA,NA,0.0492598,NA,0.0485654,0.0823818,0.068997,0.0822637,0.0798529,0.0836149
"137",NA,"Size_DblN_peak_Commercial(1)",43.6701,NA,55.4673,55.2857,48.5987,48.1163,48.6565,47.57,43.365,44.0037,43.3304,43.6715,43.4854
"138",NA,"Size_DblN_top_logit_Commercial(1)",15,NA,15,15,15,15,15,15,15,15,15,15,15
"139",NA,"Size_DblN_ascend_se_Commercial(1)",3.72801,NA,4.95573,4.96082,4.46508,4.38696,4.46087,4.31718,3.66432,3.80929,3.65235,3.73962,3.70332
"140",NA,"Size_DblN_descend_se_Commercial(1)",-15,NA,-15,-15,-15,-15,-15,-15,-15,-15,-15,-15,-15
"141",NA,"Size_DblN_start_logit_Commercial(1)",-15,NA,-15,-15,-15,-15,-15,-15,-15,-15,-15,-15,-15
"142",NA,"Size_DblN_end_logit_Commercial(1)",15,NA,15,15,15,15,15,15,15,15,15,15,15
"143",NA,"Size_DblN_peak_Recreational(2)",44.443,NA,53.5876,53.2778,48.7065,48.744,49.1201,48.3685,44.3598,44.9096,44.3287,44.2872,44.076
"144",NA,"Size_DblN_top_logit_Recreational(2)",15,NA,15,15,15,15,15,15,15,15,15,15,15
"145",NA,"Size_DblN_ascend_se_Recreational(2)",4.29769,NA,4.92273,4.9143,4.68976,4.69314,4.72194,4.66069,4.2704,4.38643,4.26299,4.2831,4.25033
"146",NA,"Size_DblN_descend_se_Recreational(2)",-15,NA,-15,-15,-15,-15,-15,-15,-15,-15,-15,-15,-15
"147",NA,"Size_DblN_start_logit_Recreational(2)",-15,NA,-15,-15,-15,-15,-15,-15,-15,-15,-15,-15,-15
"148",NA,"Size_DblN_end_logit_Recreational(2)",15,NA,15,15,15,15,15,15,15,15,15,15,15
"149",NA,"InitF_seas_1_flt_1Fishery1",NA,3.06858e-08,NA,NA,NA,NA,NA,NA,NA,NA,NA,NA,NA
"150",NA,"InitF_seas_1_flt_2Fishery2",NA,2.65263,NA,NA,NA,NA,NA,NA,NA,NA,NA,NA,NA
"151",NA,"Size_DblN_peak_Fishery1(1)",NA,57.7748,NA,NA,NA,NA,NA,NA,NA,NA,NA,NA,NA
"152",NA,"Size_DblN_top_logit_Fishery1(1)",NA,15,NA,NA,NA,NA,NA,NA,NA,NA,NA,NA,NA
"153",NA,"Size_DblN_ascend_se_Fishery1(1)",NA,5.08986,NA,NA,NA,NA,NA,NA,NA,NA,NA,NA,NA
"154",NA,"Size_DblN_descend_se_Fishery1(1)",NA,-15,NA,NA,NA,NA,NA,NA,NA,NA,NA,NA,NA
"155",NA,"Size_DblN_start_logit_Fishery1(1)",NA,-15,NA,NA,NA,NA,NA,NA,NA,NA,NA,NA,NA
"156",NA,"Size_DblN_end_logit_Fishery1(1)",NA,15,NA,NA,NA,NA,NA,NA,NA,NA,NA,NA,NA
"157",NA,"Size_DblN_peak_Fishery2(2)",NA,55.7686,NA,NA,NA,NA,NA,NA,NA,NA,NA,NA,NA
"158",NA,"Size_DblN_top_logit_Fishery2(2)",NA,15,NA,NA,NA,NA,NA,NA,NA,NA,NA,NA,NA
"159",NA,"Size_DblN_ascend_se_Fishery2(2)",NA,5.02246,NA,NA,NA,NA,NA,NA,NA,NA,NA,NA,NA
"160",NA,"Size_DblN_descend_se_Fishery2(2)",NA,-15,NA,NA,NA,NA,NA,NA,NA,NA,NA,NA,NA
"161",NA,"Size_DblN_start_logit_Fishery2(2)",NA,-15,NA,NA,NA,NA,NA,NA,NA,NA,NA,NA,NA
"162",NA,"Size_DblN_end_logit_Fishery2(2)",NA,15,NA,NA,NA,NA,NA,NA,NA,NA,NA,NA,NA
"163",NA,"Early_InitAge_1",NA,NA,NA,NA,NA,NA,NA,NA,-0.00279608,-0.00284559,-0.00273841,NA,NA
"164",NA,"Main_RecrDev_1892",NA,NA,NA,NA,NA,NA,NA,NA,-0.0122682,-0.0102204,-0.0122624,NA,NA
"165",NA,"Main_RecrDev_1893",NA,NA,NA,NA,NA,NA,NA,NA,-0.0124381,-0.0104087,-0.0124328,NA,NA
"166",NA,"Main_RecrDev_1894",NA,NA,NA,NA,NA,NA,NA,NA,-0.012633,-0.0106088,-0.0126135,NA,NA
"167",NA,"Main_RecrDev_1895",NA,NA,NA,NA,NA,NA,NA,NA,-0.0128255,-0.0108212,-0.0128048,NA,NA
"168",NA,"Main_RecrDev_1896",NA,NA,NA,NA,NA,NA,NA,NA,-0.0130356,-0.0110467,-0.0130073,NA,NA
"169",NA,"Main_RecrDev_1897",NA,NA,NA,NA,NA,NA,NA,NA,-0.0132568,-0.0112862,-0.0132217,NA,NA
"170",NA,"Main_RecrDev_1898",NA,NA,NA,NA,NA,NA,NA,NA,-0.0134801,-0.0115404,-0.0134487,NA,NA
"171",NA,"Main_RecrDev_1899",NA,NA,NA,NA,NA,NA,NA,NA,-0.0137277,-0.0118103,-0.0136892,NA,NA
"172",NA,"Main_RecrDev_1900",NA,NA,NA,NA,NA,NA,NA,NA,-0.0139925,-0.0120967,-0.0139438,NA,NA
"173",NA,"Main_RecrDev_1901",NA,NA,NA,NA,NA,NA,NA,NA,-0.0142646,-0.0124007,-0.0142133,NA,NA
"174",NA,"Main_RecrDev_1902",NA,NA,NA,NA,NA,NA,NA,NA,-0.0145673,-0.0127233,-0.0144986,NA,NA
"175",NA,"Main_RecrDev_1903",NA,NA,NA,NA,NA,NA,NA,NA,-0.014868,-0.0130656,-0.0148006,NA,NA
"176",NA,"Main_RecrDev_1904",NA,NA,NA,NA,NA,NA,NA,NA,-0.0151989,-0.0134289,-0.0151205,NA,NA
"177",NA,"Main_RecrDev_1905",NA,NA,NA,NA,NA,NA,NA,NA,-0.015545,-0.0138144,-0.0154591,NA,NA
"178",NA,"Main_RecrDev_1906",NA,NA,NA,NA,NA,NA,NA,NA,-0.0159182,-0.0142233,-0.0158175,NA,NA
"179",NA,"Main_RecrDev_1907",NA,NA,NA,NA,NA,NA,NA,NA,-0.0163026,-0.0146571,-0.0161968,NA,NA
"180",NA,"Main_RecrDev_1908",NA,NA,NA,NA,NA,NA,NA,NA,-0.0167197,-0.0151173,-0.0165983,NA,NA
"181",NA,"Main_RecrDev_1909",NA,NA,NA,NA,NA,NA,NA,NA,-0.0171567,-0.0156053,-0.0170232,NA,NA
"182",NA,"Main_RecrDev_1910",NA,NA,NA,NA,NA,NA,NA,NA,-0.0176237,-0.0161228,-0.017473,NA,NA
"183",NA,"Main_RecrDev_1911",NA,NA,NA,NA,NA,NA,NA,NA,-0.0181059,-0.0166716,-0.0179489,NA,NA
"184",NA,"Main_RecrDev_1912",NA,NA,NA,NA,NA,NA,NA,NA,-0.0186224,-0.0172532,-0.0184525,NA,NA
"185",NA,"Main_RecrDev_1913",NA,NA,NA,NA,NA,NA,NA,NA,-0.0191719,-0.0178697,-0.0189854,NA,NA
"186",NA,"Main_RecrDev_1914",NA,NA,NA,NA,NA,NA,NA,NA,-0.0197516,-0.0185229,-0.0195494,NA,NA
"187",NA,"Main_RecrDev_1915",NA,NA,NA,NA,NA,NA,NA,NA,-0.0203578,-0.0192149,-0.0201457,NA,NA
"188",NA,"Main_RecrDev_1916",NA,NA,NA,NA,NA,NA,NA,NA,-0.0210034,-0.0199476,-0.0207763,NA,NA
"189",NA,"Main_RecrDev_1917",NA,NA,NA,NA,NA,NA,NA,NA,-0.0216974,-0.0207233,-0.0214432,NA,NA
"190",NA,"Main_RecrDev_1918",NA,NA,NA,NA,NA,NA,NA,NA,-0.0224178,-0.0215442,-0.0221481,NA,NA
"191",NA,"Main_RecrDev_1919",NA,NA,NA,NA,NA,NA,NA,NA,-0.0231829,-0.0224126,-0.0228931,NA,NA
"192",NA,"Main_RecrDev_1920",NA,NA,NA,NA,NA,NA,NA,NA,-0.0239947,-0.023331,-0.0236809,NA,NA
"193",NA,"Main_RecrDev_1921",NA,NA,NA,NA,NA,NA,NA,NA,-0.024849,-0.0243025,-0.024514,NA,NA
"194",NA,"Main_RecrDev_1922",NA,NA,NA,NA,NA,NA,NA,NA,-0.0257614,-0.0253308,-0.0253966,NA,NA
"195",NA,"Main_RecrDev_1923",NA,NA,NA,NA,NA,NA,NA,NA,-0.0267219,-0.0264208,-0.0263325,NA,NA
"196",NA,"Main_RecrDev_1924",NA,NA,NA,NA,NA,NA,NA,NA,-0.027743,-0.0275762,-0.0273257,NA,NA
"197",NA,"Main_RecrDev_1925",NA,NA,NA,NA,NA,NA,NA,NA,-0.0288211,-0.0287975,-0.0283756,NA,NA
"198",NA,"Main_RecrDev_1926",NA,NA,NA,NA,NA,NA,NA,NA,-0.0299543,-0.030084,-0.0294829,NA,NA
"199",NA,"Main_RecrDev_1927",NA,NA,NA,NA,NA,NA,NA,NA,-0.0311548,-0.0314378,-0.0306511,NA,NA
"200",NA,"Main_RecrDev_1928",NA,NA,NA,NA,NA,NA,NA,NA,-0.0324237,-0.0328648,-0.0318869,NA,NA
"201",NA,"Main_RecrDev_1929",NA,NA,NA,NA,NA,NA,NA,NA,-0.0337806,-0.0343732,-0.0332061,NA,NA
"202",NA,"Main_RecrDev_1930",NA,NA,NA,NA,NA,NA,NA,NA,-0.0352185,-0.0359711,-0.0346075,NA,NA
"203",NA,"Main_RecrDev_1931",NA,NA,NA,NA,NA,NA,NA,NA,-0.0367591,-0.0376738,-0.0361125,NA,NA
"204",NA,"Main_RecrDev_1932",NA,NA,NA,NA,NA,NA,NA,NA,-0.0384226,-0.0395,-0.0377351,NA,NA
"205",NA,"Main_RecrDev_1933",NA,NA,NA,NA,NA,NA,NA,NA,-0.0402229,-0.0414602,-0.0394887,NA,NA
"206",NA,"Main_RecrDev_1934",NA,NA,NA,NA,NA,NA,NA,NA,-0.0421591,-0.0435598,-0.0413866,NA,NA
"207",NA,"Main_RecrDev_1935",NA,NA,NA,NA,NA,NA,NA,NA,-0.0442536,-0.0458075,-0.0434301,NA,NA
"208",NA,"Main_RecrDev_1936",NA,NA,NA,NA,NA,NA,NA,NA,-0.0465112,-0.0482163,-0.0456396,NA,NA
"209",NA,"Main_RecrDev_1937",NA,NA,NA,NA,NA,NA,NA,NA,-0.0489567,-0.0507972,-0.0480266,NA,NA
"210",NA,"Main_RecrDev_1938",NA,NA,NA,NA,NA,NA,NA,NA,-0.0515715,-0.0535489,-0.0505821,NA,NA
"211",NA,"Main_RecrDev_1939",NA,NA,NA,NA,NA,NA,NA,NA,-0.054368,-0.0564765,-0.0533094,NA,NA
"212",NA,"Main_RecrDev_1940",NA,NA,NA,NA,NA,NA,NA,NA,-0.0573099,-0.0595789,-0.0561844,NA,NA
"213",NA,"Main_RecrDev_1941",NA,NA,NA,NA,NA,NA,NA,NA,-0.0599204,-0.0625961,-0.05875,NA,NA
"214",NA,"Main_RecrDev_1942",NA,NA,NA,NA,NA,NA,NA,NA,-0.061607,-0.0651545,-0.0604064,NA,NA
"215",NA,"Main_RecrDev_1943",NA,NA,NA,NA,NA,NA,NA,NA,-0.0639943,-0.068189,-0.0627754,NA,NA
"216",NA,"Main_RecrDev_1944",NA,NA,NA,NA,NA,NA,NA,NA,0.123051,0.0389995,0.124821,NA,NA
"217",NA,"Main_RecrDev_1945",NA,NA,NA,NA,NA,NA,NA,NA,-0.0675973,-0.0737521,-0.0663231,NA,NA
"218",NA,"Main_RecrDev_1946",NA,NA,NA,NA,NA,NA,NA,NA,-0.0704592,-0.0772517,-0.0691507,NA,NA
"219",NA,"Main_RecrDev_1947",NA,NA,NA,NA,NA,NA,NA,NA,-0.0719896,-0.0799472,-0.0706469,NA,NA
"220",NA,"Main_RecrDev_1948",NA,NA,NA,NA,NA,NA,NA,NA,0.102552,0.0234565,0.104321,NA,NA
"221",NA,"Main_RecrDev_1949",NA,NA,NA,NA,NA,NA,NA,NA,-0.0782407,-0.0876794,-0.0768656,NA,NA
"222",NA,"Main_RecrDev_1950",NA,NA,NA,NA,NA,NA,NA,NA,-0.0820892,-0.0920886,-0.080679,NA,NA
"223",NA,"Main_RecrDev_1951",NA,NA,NA,NA,NA,NA,NA,NA,-0.0865324,-0.0969882,-0.0850727,NA,NA
"224",NA,"Main_RecrDev_1952",NA,NA,NA,NA,NA,NA,NA,NA,-0.0911449,-0.102087,-0.0896576,NA,NA
"225",NA,"Main_RecrDev_1953",NA,NA,NA,NA,NA,NA,NA,NA,-0.0955119,-0.106955,-0.093967,NA,NA
"226",NA,"Main_RecrDev_1954",NA,NA,NA,NA,NA,NA,NA,NA,-0.097801,-0.110591,-0.0962311,NA,NA
"227",NA,"Main_RecrDev_1955",NA,NA,NA,NA,NA,NA,NA,NA,0.0364546,-0.0237707,0.0385665,NA,NA
"228",NA,"Main_RecrDev_1956",NA,NA,NA,NA,NA,NA,NA,NA,-0.0797996,-0.103471,-0.078102,NA,NA
"229",NA,"Main_RecrDev_1957",NA,NA,NA,NA,NA,NA,NA,NA,-0.073041,-0.101293,-0.0712238,NA,NA
"230",NA,"Main_RecrDev_1958",NA,NA,NA,NA,NA,NA,NA,NA,-0.0891444,-0.113375,-0.0873133,NA,NA
"231",NA,"Main_RecrDev_1959",NA,NA,NA,NA,NA,NA,NA,NA,-0.116168,-0.132614,-0.114357,NA,NA
"232",NA,"Main_RecrDev_1960",NA,NA,NA,NA,NA,NA,NA,NA,0.0262649,-0.049792,0.0286749,NA,NA
"233",NA,"Main_RecrDev_1961",NA,NA,NA,NA,NA,NA,NA,NA,0.357999,0.158014,0.361733,NA,NA
"234",NA,"ln(DM_theta)_1",NA,NA,NA,NA,NA,NA,NA,NA,5.51182,NA,NA,NA,NA
"235",NA,"ln(DM_theta)_2",NA,NA,NA,NA,NA,NA,NA,NA,3.20069,NA,NA,NA,NA
"236",NA,"ln(DM_theta)_3",NA,NA,NA,NA,NA,NA,NA,NA,7.95279,NA,NA,NA,NA
"237",NA,"ln(DM_theta)_4",NA,NA,NA,NA,NA,NA,NA,NA,8.17622,NA,NA,NA,NA
"9","Derived quantities",NA,NA,NA,NA,NA,NA,NA,NA,NA,NA,NA,NA,NA,NA
"238",NA,"SB0",29.2386,1161.21,19.789,20.4119,58.1345,58.0759,49.6669,31.7133,31.1395,28.6086,31.2871,28.9057,31.7551
"239",NA,"SSB_2021",21.3531,9881.18,6.06074,6.74858,45.2031,45.0279,36.1597,20.2263,22.0579,20.8069,22.0659,20.6017,22.7846
"240",NA,"Bratio_2021",0.730305,0.426035,0.306269,0.33062,0.777561,0.775329,0.728045,0.637785,0.708357,0.727296,0.705272,0.712723,0.717508
"241",NA,"MSY_SPR",7.94547,1679.88,6.98483,7.17904,19.4558,19.2778,15.942,12.1671,6.94385,7.8919,6.90392,7.93389,7.8651
"242",NA,"F_SPR",0.0522769,0.118542,0.0942881,0.0925522,0.072586,0.0724439,0.0699296,0.0746463,0.0467317,0.0521132,0.0464476,0.0520726,0.0501003
